controlled	FI659031	149dedd0-9a63-5e9b-be63-e7e605cd3806	PCAWG.64684385-98ad-4adc-8245-16012057823c.TopHat2.v1.bam	DO49080	SP107788	Primary tumour	SA518637	Collaboratory - Toronto,Azure - Toronto,EGA - Hinxton,AWS - Virginia	PACA-AU	PCAWG			BAM	1.5081447356E10
controlled	FI659045	6e71b4ca-2bf7-553e-8174-21656efec7e9	PCAWG.e03743ed-526c-4f13-81f4-0f32faca2110.STAR.v1.bam	DO49172	SP110826	Primary tumour - solid tissue	SA528768	Collaboratory - Toronto,AWS - Virginia,Azure - Toronto,EGA - Hinxton	PACA-AU	PCAWG			BAM	1.8267495335E10
controlled	FI659097	3444b5b9-292f-55e9-99de-5d14b18a8abf	PCAWG.319bd156-49a9-4341-a9f7-ca68b02d3ab2.STAR.v1.bam	DO32833	SP69571	Primary tumour - solid tissue	SA407918	AWS - Virginia,Collaboratory - Toronto,Azure - Toronto,EGA - Hinxton	PACA-AU	PCAWG			BAM	1.4048559107E10
controlled	FI659085	1d915337-2bba-5e1c-b517-1ed7e502e669	PCAWG.97f26bd5-19f6-45a6-a460-3d38f9e519fd.STAR.v1.bam	DO49129	SP107922	Primary tumour - solid tissue	SA518603	AWS - Virginia,EGA - Hinxton,Collaboratory - Toronto,Azure - Toronto	PACA-AU	PCAWG			BAM	6.120242993E9
controlled	FI659303	2f9842a2-2f23-5563-aaa2-955e4bbfe7c4	PCAWG.97f26bd5-19f6-45a6-a460-3d38f9e519fd.TopHat2.v1.bam	DO49129	SP107922	Primary tumour - solid tissue	SA518603	Azure - Toronto,AWS - Virginia,EGA - Hinxton,Collaboratory - Toronto	PACA-AU	PCAWG			BAM	5.711618135E9
controlled	FI659193	24fa9eee-6641-5f0a-bacc-1475a4546340	PCAWG.d53ca4b3-8deb-46a2-8ca4-6ea9cc3af4e3.TopHat2.v1.bam	DO49183	SP108066	Primary tumour	SA518806	EGA - Hinxton,Azure - Toronto,AWS - Virginia,Collaboratory - Toronto	PACA-AU	PCAWG			BAM	5.956601783E9
controlled	FI659199	6b285510-57f1-5048-baaf-60f3f1c80ecc	PCAWG.4e2059a8-34e8-4642-b009-9cdf966d4873.STAR.v1.bam	DO33376	SP75873	Primary tumour	SA410750	AWS - Virginia,Collaboratory - Toronto,Azure - Toronto,EGA - Hinxton	PACA-AU	PCAWG			BAM	1.1336764563E10
controlled	FI658957	b33004a6-c663-51aa-b5fb-84585188a5db	PCAWG.81387526-4f3b-423d-8398-29519ca0aeb7.STAR.v1.bam	DO32900	SP69838	Primary tumour - solid tissue	SA408758	AWS - Virginia,Collaboratory - Toronto,Azure - Toronto,EGA - Hinxton	PACA-AU	PCAWG			BAM	1.1909969061E10
controlled	FI658961	7e5f1bed-6ae2-509f-a589-a4afaf67229d	PCAWG.d226e0f0-130a-45f1-8dae-5030225485f1.STAR.v1.bam	DO34849	SP77059	Primary tumour - solid tissue	SA411923	Collaboratory - Toronto,AWS - Virginia,Azure - Toronto,EGA - Hinxton	PACA-AU	PCAWG			BAM	7.273119603E9
controlled	FI658993	94464417-d9e9-59d9-85f2-08fe67347b30	PCAWG.d1fced38-0d38-4c06-9559-e512e32a5118.STAR.v1.bam	DO34288	SP76025	Primary tumour - solid tissue	SA410899	Azure - Toronto,Collaboratory - Toronto,AWS - Virginia,EGA - Hinxton	PACA-AU	PCAWG			BAM	6.07099339E9
controlled	FI658711	adaf0c3e-99a7-5ccc-b311-fe358c406e22	PCAWG.d1fced38-0d38-4c06-9559-e512e32a5118.TopHat2.v1.bam	DO34288	SP76025	Primary tumour	SA410899	Collaboratory - Toronto,EGA - Hinxton,Azure - Toronto,AWS - Virginia	PACA-AU	PCAWG			BAM	5.674501831E9
controlled	FI658759	f83abbdd-335d-5bf4-88e7-41c1a6bb2bb1	PCAWG.a73687d4-1714-4814-9db3-5decb77e18b7.STAR.v1.bam	DO33288	SP71244	Primary tumour - solid tissue	SA410687	Collaboratory - Toronto,Azure - Toronto,EGA - Hinxton,AWS - Virginia	PACA-AU	PCAWG			BAM	9.521348765E9
controlled	FI659019	991b0aba-c2a7-5c20-b540-aa54fcf139ed	PCAWG.d226e0f0-130a-45f1-8dae-5030225485f1.TopHat2.v1.bam	DO34849	SP77059	Primary tumour - solid tissue	SA411923	Collaboratory - Toronto,Azure - Toronto,AWS - Virginia,EGA - Hinxton	PACA-AU	PCAWG			BAM	6.893359908E9
controlled	FI659023	e7b1849e-1c13-5c10-93d3-6a36402eaafe	PCAWG.eb9cf57f-4c80-4196-82fa-acd2b48dd3fb.TopHat2.v1.bam	DO34809	SP76923	Primary tumour - solid tissue	SA411797	Azure - Toronto,EGA - Hinxton,AWS - Virginia,Collaboratory - Toronto	PACA-AU	PCAWG			BAM	1.0057787065E10
controlled	FI659311	c5c3b344-fde7-5f97-a338-01d30fe19eb4	PCAWG.46e5b2c2-db11-463f-a17e-2c855ab9648a.STAR.v1.bam	DO33344	SP75865	Primary tumour - solid tissue	SA410742	Azure - Toronto,EGA - Hinxton,AWS - Virginia,Collaboratory - Toronto	PACA-AU	PCAWG			BAM	1.2751070035E10
controlled	FI659275	61ce858d-2d70-5b58-824c-612562c835d9	PCAWG.b4eb3102-d015-4112-a3f6-f5f754c7ee73.TopHat2.v1.bam	DO33200	SP70940	Primary tumour	SA410383	EGA - Hinxton,Collaboratory - Toronto,Azure - Toronto,AWS - Virginia	PACA-AU	PCAWG			BAM	1.3691699548E10
controlled	FI659253	a7ceea53-3f19-52cd-84be-b5a159a3e7ce	PCAWG.ebd944ea-71b7-49b2-915a-ae1c206780e5.STAR.v1.bam	DO33392	SP75881	Primary tumour - solid tissue	SA410758	AWS - Virginia,Collaboratory - Toronto,EGA - Hinxton,Azure - Toronto	PACA-AU	PCAWG			BAM	1.3718502853E10
controlled	FI659155	fde59f27-ba96-51cc-8eaf-5efa2e484c61	PCAWG.e92d6466-3fda-4534-9597-39039828d77c.TopHat2.v1.bam	DO33488	SP110780	Primary tumour	SA528675	EGA - Hinxton,Collaboratory - Toronto,Azure - Toronto,AWS - Virginia	PACA-AU	PCAWG			BAM	9.373740725E9
controlled	FI658875	d3807e8a-9355-55ff-a7cf-ae3429904220	PCAWG.abc126d3-dce7-49ee-be79-47d479da7433.STAR.v1.bam	DO33042	SP70323	Primary tumour - solid tissue	SA409711	AWS - Virginia,Collaboratory - Toronto,EGA - Hinxton,Azure - Toronto	PACA-AU	PCAWG			BAM	9.796713608E9
controlled	FI658869	cfee50d5-50e9-50d3-85d3-b27a4e974bff	PCAWG.fa04b4b9-24f0-4128-bfab-ac1c329045ea.STAR.v1.bam	DO33016	SP70230	Primary tumour	SA409543	EGA - Hinxton,Collaboratory - Toronto,Azure - Toronto,AWS - Virginia	PACA-AU	PCAWG			BAM	8.102948536E9
controlled	FI658693	f9895c83-46a3-58ef-9693-852db52ccb7d	PCAWG.4b4b24d4-c42b-4201-b15f-6831d36c30e9.TopHat2.v1.bam	DO34312	SP74904	Primary tumour - solid tissue	SA409775	Azure - Toronto,EGA - Hinxton,Collaboratory - Toronto,AWS - Virginia	PACA-AU	PCAWG			BAM	9.095696934E9
controlled	FI658719	f5a7c343-178c-53fb-936f-b2e5237f0463	PCAWG.abc126d3-dce7-49ee-be79-47d479da7433.TopHat2.v1.bam	DO33042	SP70323	Primary tumour	SA409711	EGA - Hinxton,Azure - Toronto,Collaboratory - Toronto,AWS - Virginia	PACA-AU	PCAWG			BAM	9.100319927E9
controlled	FI659017	5b5267cb-614e-55ac-a663-eae8c76b9ab6	PCAWG.b47a82f7-c808-40bd-83b7-aa2149499566.STAR.v1.bam	DO33512	SP71854	Primary tumour	SA411305	EGA - Hinxton,Azure - Toronto,AWS - Virginia,Collaboratory - Toronto	PACA-AU	PCAWG			BAM	7.226137773E9
controlled	FI659071	d8d67025-773e-54ec-83a7-6b286c448d45	PCAWG.bf0ffef9-3b88-4caf-9905-bd09f42643b1.STAR.v1.bam	DO34905	SP77211	Primary tumour	SA412076	Azure - Toronto,EGA - Hinxton,Collaboratory - Toronto,AWS - Virginia	PACA-AU	PCAWG			BAM	7.874268816E9
controlled	FI659065	e5236909-16e4-5510-8842-520ff3c8a54e	PCAWG.3e5871c6-6c5a-44fe-a488-1fa8fda9be16.TopHat2.v1.bam	DO33368	SP71464	Primary tumour - solid tissue	SA410911	Azure - Toronto,Collaboratory - Toronto,AWS - Virginia,EGA - Hinxton	PACA-AU	PCAWG			BAM	2.2721899093E10
controlled	FI659283	5109d895-dec3-592d-9297-ceec7546cbaa	PCAWG.56f9c8a3-d3e2-47d8-919c-2b12d76c9c2b.STAR.v1.bam	DO32863	SP69708	Primary tumour - solid tissue	SA408414	Azure - Toronto,AWS - Virginia,Collaboratory - Toronto,EGA - Hinxton	PACA-AU	PCAWG			BAM	5.876218919E9
controlled	FI659159	a4e68475-f89e-5c90-b30d-126d9357d771	PCAWG.eb9cf57f-4c80-4196-82fa-acd2b48dd3fb.STAR.v1.bam	DO34809	SP76923	Primary tumour - solid tissue	SA411797	AWS - Virginia,EGA - Hinxton,Collaboratory - Toronto,Azure - Toronto	PACA-AU	PCAWG			BAM	1.0875333225E10
controlled	FI659143	8d7d0e67-bcd5-52b1-b868-51115d02c847	PCAWG.6291d69a-9eab-467c-8fdc-f64856e1a26c.TopHat2.v1.bam	DO32860	SP110737	Primary tumour	SA528687	EGA - Hinxton,AWS - Virginia,Azure - Toronto,Collaboratory - Toronto	PACA-AU	PCAWG			BAM	9.209912072E9
controlled	FI659191	f6b6cdea-085f-56aa-8e83-44d2297b27b0	PCAWG.4738f813-7ee7-46c7-a285-d0d1fb4402b1.TopHat2.v1.bam	DO34696	SP76523	Primary tumour	SA411397	EGA - Hinxton,Collaboratory - Toronto,Azure - Toronto,AWS - Virginia	PACA-AU	PCAWG			BAM	1.1080611591E10
controlled	FI659175	58df3d88-798a-53c6-97e6-48d28522e388	PCAWG.1da0aafc-e2ac-41e9-9cdf-6fb35c009796.STAR.v1.bam	DO34448	SP75442	Primary tumour - solid tissue	SA410311	AWS - Virginia,Collaboratory - Toronto,EGA - Hinxton,Azure - Toronto	PACA-AU	PCAWG			BAM	1.0811240303E10
controlled	FI658931	0f8d9b8a-8487-5ae8-87b0-8b7d028ec23c	PCAWG.7dc8293b-a0d9-4459-848f-03f4ea549563.TopHat2.v1.bam	DO33248	SP71092	Primary tumour	SA410535	EGA - Hinxton,Azure - Toronto,AWS - Virginia,Collaboratory - Toronto	PACA-AU	PCAWG			BAM	1.316757622E10
controlled	FI658933	0b944294-be17-5e75-b842-6140d63bb68b	PCAWG.80b62e66-4a0c-492a-af5b-bef42ea24f76.STAR.v1.bam	DO32837	SP69589	Primary tumour - solid tissue	SA407986	AWS - Virginia,Collaboratory - Toronto,EGA - Hinxton,Azure - Toronto	PACA-AU	PCAWG			BAM	7.367416016E9
controlled	FI658921	2ed0ea61-9e91-5549-b5cc-295ce8cccc70	PCAWG.9adc04d6-1c11-4a6f-8015-3d8148316d7c.TopHat2.v1.bam	DO33552	SP71982	Primary tumour - solid tissue	SA411430	Collaboratory - Toronto,Azure - Toronto,AWS - Virginia,EGA - Hinxton	PACA-AU	PCAWG			BAM	4.783544162E9
controlled	FI658963	4d89b130-34f3-5bac-b6cc-dcbf68b34819	PCAWG.e92d6466-3fda-4534-9597-39039828d77c.STAR.v1.bam	DO33488	SP110780	Primary tumour	SA528675	Azure - Toronto,AWS - Virginia,EGA - Hinxton,Collaboratory - Toronto	PACA-AU	PCAWG			BAM	9.983386496E9
controlled	FI658787	87d72213-3740-57d2-a69e-59518091ab62	PCAWG.d3619be0-cd57-4dec-a4f7-749b62a17ad0.STAR.v1.bam	DO33264	SP71140	Primary tumour - solid tissue	SA410582	AWS - Virginia,EGA - Hinxton,Collaboratory - Toronto,Azure - Toronto	PACA-AU	PCAWG			BAM	1.1890483707E10
controlled	FI658849	a4738c48-989a-5f42-827a-fc7cff9e3ac0	PCAWG.c8d46f4e-04dd-4f89-8ea6-f1b5845182fc.TopHat2.v1.bam	DO49076	SP107776	Primary tumour - solid tissue	SA518630	AWS - Virginia,Collaboratory - Toronto,Azure - Toronto,EGA - Hinxton	PACA-AU	PCAWG			BAM	1.2408517504E10
controlled	FI658749	c66b50c9-5ecb-56b7-8b35-666104e26205	PCAWG.6ade3698-a1e1-4a4e-9307-6fe35e8d6cb9.TopHat2.v1.bam	DO34432	SP75250	Primary tumour	SA410118	EGA - Hinxton,AWS - Virginia,Collaboratory - Toronto,Azure - Toronto	PACA-AU	PCAWG			BAM	1.5986744698E10
controlled	FI659043	a7528b98-6a2f-5e60-835c-5824e4d299dd	PCAWG.1da0aafc-e2ac-41e9-9cdf-6fb35c009796.TopHat2.v1.bam	DO34448	SP75442	Primary tumour - solid tissue	SA410311	Azure - Toronto,EGA - Hinxton,AWS - Virginia,Collaboratory - Toronto	PACA-AU	PCAWG			BAM	9.929355057E9
controlled	FI659267	0c876006-f218-5ccb-976c-4a81f14bb5c8	PCAWG.8a7eaf4a-4d90-4530-94d0-e6e36f978692.STAR.v1.bam	DO34608	SP76009	Primary tumour	SA410883	EGA - Hinxton,AWS - Virginia,Collaboratory - Toronto,Azure - Toronto	PACA-AU	PCAWG			BAM	5.062255265E9
controlled	FI658737	3f2c363d-d08f-5dcc-8954-b196996e0932	PCAWG.e26f2a93-6920-4522-9fb1-2b1596519c4d.TopHat2.v1.bam	DO49078	SP107780	Primary tumour - solid tissue	SA518716	AWS - Virginia,Azure - Toronto,EGA - Hinxton,Collaboratory - Toronto	PACA-AU	PCAWG			BAM	1.1834870053E10
controlled	FI658753	c18e2c80-5c62-5407-b973-ae0b3c34ed4e	PCAWG.f3d39b1d-8fba-4f5b-8937-eb6076d2865c.TopHat2.v1.bam	DO33472	SP71742	Primary tumour - solid tissue	SA411189	AWS - Virginia,Collaboratory - Toronto,EGA - Hinxton,Azure - Toronto	PACA-AU	PCAWG			BAM	6.359044145E9
controlled	FI659013	d9b55469-8f65-59ef-baab-4b4ac04187c3	PCAWG.351ab32d-02eb-4908-8c8a-b4aeb3a8cb69.TopHat2.v1.bam	DO33544	SP71958	Primary tumour	SA411406	EGA - Hinxton,Azure - Toronto,AWS - Virginia,Collaboratory - Toronto	PACA-AU	PCAWG			BAM	6.990829301E9
controlled	FI659069	24c54fbe-8281-5d20-b108-92086caf2d46	PCAWG.41e034a5-f0f2-43c9-bdb7-fdb4d7c45f15.STAR.v1.bam	DO33408	SP71584	Primary tumour	SA411029	Azure - Toronto,EGA - Hinxton,AWS - Virginia,Collaboratory - Toronto	PACA-AU	PCAWG			BAM	4.290067528E9
controlled	FI659213	03f131d4-a831-5acf-ab88-4ff934cb3086	PCAWG.8e2b9508-9102-4077-8036-89ba2ea7ca9f.TopHat2.v1.bam	DO33168	SP70820	Primary tumour - solid tissue	SA410263	Collaboratory - Toronto,AWS - Virginia,Azure - Toronto,EGA - Hinxton	PACA-AU	PCAWG			BAM	8.582140301E9
controlled	FI659273	651ba5a4-19ab-5fdf-9048-d239ace09932	PCAWG.c30ea71b-0dc9-4684-a2cf-36e720e343c8.STAR.v1.bam	DO49113	SP107875	Primary tumour - solid tissue	SA518665	AWS - Virginia,EGA - Hinxton,Collaboratory - Toronto,Azure - Toronto	PACA-AU	PCAWG			BAM	6.5443623E9
controlled	FI659261	244b4575-28d2-57bd-8e8d-83883b8c8eb0	PCAWG.9f4ff4d0-8d04-415a-8ab6-b51d14ecac32.TopHat2.v1.bam	DO34801	SP76899	Primary tumour - solid tissue	SA411769	Azure - Toronto,AWS - Virginia,Collaboratory - Toronto,EGA - Hinxton	PACA-AU	PCAWG			BAM	5.506414994E9
controlled	FI659157	3c24dfde-4f42-5736-9565-e9fbea57ebe6	PCAWG.f49af213-a5cb-473e-b9ab-5c79ab3ee772.TopHat2.v1.bam	DO33028	SP70270	Primary tumour - solid tissue	SA409622	Azure - Toronto,EGA - Hinxton,AWS - Virginia,Collaboratory - Toronto	PACA-AU	PCAWG			BAM	1.428055836E10
controlled	FI659027	c1d7ba46-9584-5f58-928a-7f62931d11a0	PCAWG.ecbaf190-2905-4799-b5fe-98f20c1bf586.TopHat2.v1.bam	DO32916	SP69902	Primary tumour	SA408891	EGA - Hinxton,Collaboratory - Toronto,AWS - Virginia,Azure - Toronto	PACA-AU	PCAWG			BAM	1.2231173409E10
controlled	FI659049	84689784-f4d1-5100-bf3a-0fb210703833	PCAWG.309584e0-303f-4c24-9581-d563a7fcd59b.TopHat2.v1.bam	DO32875	SP69750	Primary tumour	SA408530	Azure - Toronto,EGA - Hinxton,AWS - Virginia,Collaboratory - Toronto	PACA-AU	PCAWG			BAM	1.3664232142E10
controlled	FI660142	9deedc1f-f743-5307-ab04-ea1af441c3c2	PCAWG.319bd156-49a9-4341-a9f7-ca68b02d3ab2.TopHat2.v1.bam	DO32833	SP69571	Primary tumour	SA407918	Azure - Toronto,EGA - Hinxton,AWS - Virginia,Collaboratory - Toronto	PACA-AU	PCAWG			BAM	1.2483121728E10
controlled	FI659307	5e07b1b7-e196-563c-bf44-44baad7d1a1f	PCAWG.f3d39b1d-8fba-4f5b-8937-eb6076d2865c.STAR.v1.bam	DO33472	SP71742	Primary tumour - solid tissue	SA411189	Azure - Toronto,AWS - Virginia,EGA - Hinxton,Collaboratory - Toronto	PACA-AU	PCAWG			BAM	7.039723017E9
controlled	FI659227	4cf13dbb-0de0-5b56-817f-2bf67c089457	PCAWG.46e5b2c2-db11-463f-a17e-2c855ab9648a.TopHat2.v1.bam	DO33344	SP75865	Primary tumour	SA410742	EGA - Hinxton,Azure - Toronto,Collaboratory - Toronto,AWS - Virginia	PACA-AU	PCAWG			BAM	1.1075209571E10
controlled	FI659223	330deac8-8196-50ab-ac7e-5bbab79b5d43	PCAWG.4dda7024-9eb2-4a82-b51a-879b87ec2a41.TopHat2.v1.bam	DO34736	SP76683	Primary tumour - solid tissue	SA411557	Collaboratory - Toronto,AWS - Virginia,EGA - Hinxton,Azure - Toronto	PACA-AU	PCAWG			BAM	7.454837283E9
controlled	FI659207	a4dbfd25-c6bd-58c2-bfa2-6034ddf1f92c	PCAWG.21214927-3201-4068-88eb-0b3afa35e8b5.TopHat2.v1.bam	DO33160	SP70764	Primary tumour - solid tissue	SA410207	AWS - Virginia,Collaboratory - Toronto,Azure - Toronto,EGA - Hinxton	PACA-AU	PCAWG			BAM	5.251130804E9
controlled	FI659211	b7f680e5-d383-5329-bdfd-2b49c16fedde	PCAWG.52f11f53-2a40-49a0-834a-7c90c43ff373.TopHat2.v1.bam	DO49193	SP108089	Primary tumour - solid tissue	SA518817	Azure - Toronto,AWS - Virginia,EGA - Hinxton,Collaboratory - Toronto	PACA-AU	PCAWG			BAM	6.356733791E9
controlled	FI659109	2005a947-9f0b-596e-92c8-679877d12631	PCAWG.36f86099-2b19-45ea-b0bd-6167a9580a92.TopHat2.v1.bam	DO32831	SP75480	Primary tumour	SA410350	EGA - Hinxton,AWS - Virginia,Collaboratory - Toronto,Azure - Toronto	PACA-AU	PCAWG			BAM	7.605957749E9
controlled	FI659181	92b88001-988f-5900-b30b-701ca348f7ee	PCAWG.9e9b2a57-97a0-4b5e-af48-3994868ec02e.TopHat2.v1.bam	DO32893	SP69815	Primary tumour - solid tissue	SA408706	Azure - Toronto,EGA - Hinxton,AWS - Virginia,Collaboratory - Toronto	PACA-AU	PCAWG			BAM	7.40974E9
controlled	FI658913	cb0fd935-6679-5459-8078-5dc6fbbfa0ad	PCAWG.56f9c8a3-d3e2-47d8-919c-2b12d76c9c2b.TopHat2.v1.bam	DO32863	SP69708	Primary tumour - solid tissue	SA408414	Collaboratory - Toronto,Azure - Toronto,EGA - Hinxton,AWS - Virginia	PACA-AU	PCAWG			BAM	5.516862826E9
controlled	FI658917	dcc4bd93-df38-5ed2-83ae-b2df1ddc1c7a	PCAWG.3330b2bf-8cce-4656-9bbc-4c306c4846bf.TopHat2.v1.bam	DO32980	SP70114	Primary tumour	SA409310	EGA - Hinxton,AWS - Virginia,Collaboratory - Toronto,Azure - Toronto	PACA-AU	PCAWG			BAM	1.3556616194E10
controlled	FI658971	9d337d1b-a33b-5345-86b3-6e752fc2234e	PCAWG.c380dc78-7df5-4f8b-ae2d-27bb301e3200.TopHat2.v1.bam	DO32984	SP70130	Primary tumour - solid tissue	SA409342	AWS - Virginia,Collaboratory - Toronto,Azure - Toronto,EGA - Hinxton	PACA-AU	PCAWG			BAM	2.5811125816E10
controlled	FI658699	2a18ba82-5c0d-59a4-95ec-b97e0bd4a5c7	PCAWG.309584e0-303f-4c24-9581-d563a7fcd59b.STAR.v1.bam	DO32875	SP69750	Primary tumour	SA408530	EGA - Hinxton,AWS - Virginia,Collaboratory - Toronto,Azure - Toronto	PACA-AU	PCAWG			BAM	1.4302333476E10
controlled	FI658687	10333f8c-2990-5fda-bc77-bbe27b9e0eb7	PCAWG.4738f813-7ee7-46c7-a285-d0d1fb4402b1.STAR.v1.bam	DO34696	SP76523	Primary tumour	SA411397	Collaboratory - Toronto,AWS - Virginia,EGA - Hinxton,Azure - Toronto	PACA-AU	PCAWG			BAM	1.1711870692E10
controlled	FI658735	3c202705-d915-5dd9-8849-ab17503e920d	PCAWG.c8d46f4e-04dd-4f89-8ea6-f1b5845182fc.STAR.v1.bam	DO49076	SP107776	Primary tumour	SA518630	EGA - Hinxton,Azure - Toronto,Collaboratory - Toronto,AWS - Virginia	PACA-AU	PCAWG			BAM	1.4027951043E10
controlled	FI659203	e6737736-a5a5-528d-b66b-69236b213106	PCAWG.64da2a94-58d7-4beb-a347-cd64d67a35fd.STAR.v1.bam	DO33000	SP70182	Primary tumour - solid tissue	SA409446	AWS - Virginia,EGA - Hinxton,Collaboratory - Toronto,Azure - Toronto	PACA-AU	PCAWG			BAM	8.594882657E9
controlled	FI659249	5e283e31-f2a5-5575-bcaa-53280a01bd23	PCAWG.c380dc78-7df5-4f8b-ae2d-27bb301e3200.STAR.v1.bam	DO32984	SP70130	Primary tumour	SA409342	EGA - Hinxton,Collaboratory - Toronto,Azure - Toronto,AWS - Virginia	PACA-AU	PCAWG			BAM	2.7602838912E10
controlled	FI659245	6791b6af-076b-5112-8d6f-ca3902c6bd6e	PCAWG.3e5871c6-6c5a-44fe-a488-1fa8fda9be16.STAR.v1.bam	DO33368	SP71464	Primary tumour	SA410911	Collaboratory - Toronto,AWS - Virginia,EGA - Hinxton,Azure - Toronto	PACA-AU	PCAWG			BAM	2.6348839356E10
controlled	FI659139	f9090195-d891-5ac6-93ef-a8d976abdab6	PCAWG.0dbe285c-b2db-40e7-95c0-7028aa8c99a0.STAR.v1.bam	DO33008	SP70206	Primary tumour - solid tissue	SA409498	Azure - Toronto,EGA - Hinxton,AWS - Virginia,Collaboratory - Toronto	PACA-AU	PCAWG			BAM	1.7031747578E10
controlled	FI658945	d06c1cc1-ef20-572c-a4b7-b5f150f91d79	PCAWG.7c7b1830-232a-410c-94cb-8e0703932f50.TopHat2.v1.bam	DO49181	SP108060	Primary tumour - solid tissue	SA518750	AWS - Virginia,EGA - Hinxton,Collaboratory - Toronto,Azure - Toronto	PACA-AU	PCAWG			BAM	1.2383526537E10
controlled	FI658851	708d4c41-70d8-552a-ac2e-e58923c335c8	PCAWG.64da2a94-58d7-4beb-a347-cd64d67a35fd.TopHat2.v1.bam	DO33000	SP70182	Primary tumour - solid tissue	SA409446	Azure - Toronto,EGA - Hinxton,AWS - Virginia,Collaboratory - Toronto	PACA-AU	PCAWG			BAM	8.143251766E9
controlled	FI658741	db411f47-3b6c-58ee-ac1d-a0764da7a12d	PCAWG.a73687d4-1714-4814-9db3-5decb77e18b7.TopHat2.v1.bam	DO33288	SP71244	Primary tumour	SA410687	AWS - Virginia,Collaboratory - Toronto,Azure - Toronto,EGA - Hinxton	PACA-AU	PCAWG			BAM	9.043107627E9
controlled	FI658713	fcd25d62-3c90-5007-baf9-55c8022e4dfb	PCAWG.4b894a49-b077-4de6-b9fa-de3a90b55769.TopHat2.v1.bam	DO34817	SP76963	Primary tumour	SA411833	EGA - Hinxton,AWS - Virginia,Azure - Toronto,Collaboratory - Toronto	PACA-AU	PCAWG			BAM	8.752812747E9
controlled	FI659079	cc4b5890-e03a-54b5-803e-b3cc15397a9e	PCAWG.9adc04d6-1c11-4a6f-8015-3d8148316d7c.STAR.v1.bam	DO33552	SP71982	Primary tumour - solid tissue	SA411430	AWS - Virginia,Collaboratory - Toronto,Azure - Toronto,EGA - Hinxton	PACA-AU	PCAWG			BAM	5.494479144E9
controlled	FI659063	a9c19967-b3bb-5c1b-86bb-e60a3e9f4794	PCAWG.d53ca4b3-8deb-46a2-8ca4-6ea9cc3af4e3.STAR.v1.bam	DO49183	SP108066	Primary tumour	SA518806	EGA - Hinxton,Collaboratory - Toronto,Azure - Toronto,AWS - Virginia	PACA-AU	PCAWG			BAM	6.52107783E9
controlled	FI659057	06fc46c6-b6e8-5897-9198-e25938b0dcd5	PCAWG.4b894a49-b077-4de6-b9fa-de3a90b55769.STAR.v1.bam	DO34817	SP76963	Primary tumour - solid tissue	SA411833	Azure - Toronto,Collaboratory - Toronto,AWS - Virginia,EGA - Hinxton	PACA-AU	PCAWG			BAM	9.56458329E9
controlled	FI659083	65dcc8a3-6cb2-5849-b0c2-34f5cdfc89e1	PCAWG.52f11f53-2a40-49a0-834a-7c90c43ff373.STAR.v1.bam	DO49193	SP108089	Primary tumour - solid tissue	SA518817	AWS - Virginia,Collaboratory - Toronto,EGA - Hinxton,Azure - Toronto	PACA-AU	PCAWG			BAM	7.044297714E9
controlled	FI658937	08df06bf-f7e2-561e-aa9b-7da7068e4466	PCAWG.e128b420-7dbf-433a-be26-11a729f0ceb8.TopHat2.v1.bam	DO33184	SP70868	Primary tumour - solid tissue	SA410310	Azure - Toronto,AWS - Virginia,Collaboratory - Toronto,EGA - Hinxton	PACA-AU	PCAWG			BAM	5.048465776E9
controlled	FI658955	d961f35b-2467-52bd-adc2-1d2bc89a9772	PCAWG.8e0862eb-73e2-42c0-b809-9510a888b931.TopHat2.v1.bam	DO33480	SP71766	Primary tumour - solid tissue	SA411209	AWS - Virginia,Collaboratory - Toronto,EGA - Hinxton,Azure - Toronto	PACA-AU	PCAWG			BAM	3.81656176E9
controlled	FI658997	b347c211-827e-5df4-bcf8-147ff659b7cc	PCAWG.73d9aa32-1ef1-4334-8601-11cc18612571.TopHat2.v1.bam	DO34640	SP110823	Primary tumour - solid tissue	SA528761	Azure - Toronto,AWS - Virginia,EGA - Hinxton,Collaboratory - Toronto	PACA-AU	PCAWG			BAM	1.0148815509E10
controlled	FI658999	a4564fdc-6a30-5aa4-b128-8565977f0572	PCAWG.bc4ff54b-03eb-43eb-bdb6-93cabd30e3cf.TopHat2.v1.bam	DO49135	SP107947	Primary tumour - solid tissue	SA518695	Azure - Toronto,EGA - Hinxton,AWS - Virginia,Collaboratory - Toronto	PACA-AU	PCAWG			BAM	2.7238055163E10
controlled	FI658801	54921c59-e011-5e3e-b2ba-8ffb35630d38	PCAWG.4d62b58d-6a51-499f-8de2-26234a938c4f.TopHat2.v1.bam	DO33208	SP70964	Primary tumour - solid tissue	SA410410	AWS - Virginia,EGA - Hinxton,Azure - Toronto,Collaboratory - Toronto	PACA-AU	PCAWG			BAM	1.4950891952E10
controlled	FI658809	5704c869-13fc-564b-81b2-1f69afc33aed	PCAWG.71733d70-623e-448c-81e9-5109a7cc6fa1.STAR.v1.bam	DO49178	SP108050	Primary tumour	SA518765	Azure - Toronto,AWS - Virginia,Collaboratory - Toronto,EGA - Hinxton	PACA-AU	PCAWG			BAM	1.0022046236E10
controlled	FI658771	07424004-e54a-5371-b93f-5c9a7703241f	PCAWG.4b4b24d4-c42b-4201-b15f-6831d36c30e9.STAR.v1.bam	DO34312	SP74904	Primary tumour	SA409775	EGA - Hinxton,AWS - Virginia,Collaboratory - Toronto,Azure - Toronto	PACA-AU	PCAWG			BAM	9.601615566E9
controlled	FI658755	9844060e-581f-55ef-842c-b2a2bc7db079	PCAWG.71733d70-623e-448c-81e9-5109a7cc6fa1.TopHat2.v1.bam	DO49178	SP108050	Primary tumour - solid tissue	SA518765	Azure - Toronto,AWS - Virginia,Collaboratory - Toronto,EGA - Hinxton	PACA-AU	PCAWG			BAM	9.062047414E9
controlled	FI659015	f0b326f2-aa7a-5151-83b8-30428f8ed7f0	PCAWG.8c3a9d38-5bc2-4fb0-8223-6fdf45c92dad.TopHat2.v1.bam	DO33400	SP71560	Primary tumour - solid tissue	SA411001	AWS - Virginia,Collaboratory - Toronto,EGA - Hinxton,Azure - Toronto	PACA-AU	PCAWG			BAM	5.503944551E9
controlled	FI659325	a54a4d39-fb9b-5837-94dc-b720f6888b27	PCAWG.ebd944ea-71b7-49b2-915a-ae1c206780e5.TopHat2.v1.bam	DO33392	SP75881	Primary tumour	SA410758	EGA - Hinxton,AWS - Virginia,Collaboratory - Toronto,Azure - Toronto	PACA-AU	PCAWG			BAM	1.2882408035E10
controlled	FI659215	55a89656-7c99-5db0-baca-920a01391d27	PCAWG.4c2c9af2-9329-4814-a560-547bc11bc5c5.TopHat2.v1.bam	DO32878	SP69765	Primary tumour	SA408570	EGA - Hinxton,Azure - Toronto,AWS - Virginia,Collaboratory - Toronto	PACA-AU	PCAWG			BAM	7.132783622E9
controlled	FI659255	4f36e7bf-4ac3-52dc-8086-1710bbf439b2	PCAWG.e03743ed-526c-4f13-81f4-0f32faca2110.TopHat2.v1.bam	DO49172	SP110826	Primary tumour - solid tissue	SA528768	Collaboratory - Toronto,EGA - Hinxton,Azure - Toronto,AWS - Virginia	PACA-AU	PCAWG			BAM	1.4098044775E10
controlled	FI658929	10891a45-9822-5652-9352-87c924fdba99	PCAWG.351ab32d-02eb-4908-8c8a-b4aeb3a8cb69.STAR.v1.bam	DO33544	SP71958	Primary tumour - solid tissue	SA411406	AWS - Virginia,EGA - Hinxton,Azure - Toronto,Collaboratory - Toronto	PACA-AU	PCAWG			BAM	7.830919051E9
controlled	FI658795	78ccaf18-afe5-5b06-b0e0-880771482fc6	PCAWG.6291d69a-9eab-467c-8fdc-f64856e1a26c.STAR.v1.bam	DO32860	SP110737	Primary tumour - solid tissue	SA528687	Azure - Toronto,EGA - Hinxton,AWS - Virginia,Collaboratory - Toronto	PACA-AU	PCAWG			BAM	1.0486778405E10
controlled	FI658765	cee2bc7e-dfad-591a-89f5-30a6af7e1ef6	PCAWG.ecbaf190-2905-4799-b5fe-98f20c1bf586.STAR.v1.bam	DO32916	SP69902	Primary tumour - solid tissue	SA408891	Collaboratory - Toronto,AWS - Virginia,EGA - Hinxton,Azure - Toronto	PACA-AU	PCAWG			BAM	1.3393908828E10
controlled	FI659037	223f537d-cc26-570c-be53-e74c5dc827a7	PCAWG.7dc8293b-a0d9-4459-848f-03f4ea549563.STAR.v1.bam	DO33248	SP71092	Primary tumour	SA410535	EGA - Hinxton,Collaboratory - Toronto,Azure - Toronto,AWS - Virginia	PACA-AU	PCAWG			BAM	1.4791864938E10
controlled	FI659201	7c70d8b9-3d49-563f-be8f-82898cafe770	PCAWG.7b592422-d733-4722-a4b0-1ec2ac6dfbb6.TopHat2.v1.bam	DO34785	SP76851	Primary tumour - solid tissue	SA411721	AWS - Virginia,EGA - Hinxton,Azure - Toronto,Collaboratory - Toronto	PACA-AU	PCAWG			BAM	8.198368255E9
controlled	FI659271	1ccc6f75-2199-5627-a386-7aab25b0504e	PCAWG.48698875-032e-41b4-a2ab-ffd6e6e9a8c6.STAR.v1.bam	DO32960	SP70050	Primary tumour	SA409186	EGA - Hinxton,Collaboratory - Toronto,Azure - Toronto,AWS - Virginia	PACA-AU	PCAWG			BAM	1.122931531E10
controlled	FI659251	a00b5b08-3f26-5309-872b-8cac7b203585	PCAWG.21214927-3201-4068-88eb-0b3afa35e8b5.STAR.v1.bam	DO33160	SP70764	Primary tumour	SA410207	EGA - Hinxton,AWS - Virginia,Azure - Toronto,Collaboratory - Toronto	PACA-AU	PCAWG			BAM	5.639118177E9
controlled	FI659113	f1cd91fd-1811-58cb-b9e2-7697f2b0b870	PCAWG.5479c751-d6ca-4edf-9ffd-74c70de06450.TopHat2.v1.bam	DO49138	SP107957	Primary tumour - solid tissue	SA518704	AWS - Virginia,Collaboratory - Toronto,Azure - Toronto,EGA - Hinxton	PACA-AU	PCAWG			BAM	1.1902456495E10
controlled	FI659115	cacd9131-fa05-5bcf-9c42-ec396a330cef	PCAWG.fa04b4b9-24f0-4128-bfab-ac1c329045ea.TopHat2.v1.bam	DO33016	SP70230	Primary tumour	SA409543	EGA - Hinxton,Azure - Toronto,AWS - Virginia,Collaboratory - Toronto	PACA-AU	PCAWG			BAM	6.502578144E9
controlled	FI659183	5cdc8559-69f3-5896-9e48-b0cee8e7c856	PCAWG.ba1ea74e-b821-46d1-be0f-3e64517c204e.TopHat2.v1.bam	DO32972	SP70086	Primary tumour	SA409258	Azure - Toronto,EGA - Hinxton,Collaboratory - Toronto,AWS - Virginia	PACA-AU	PCAWG			BAM	1.0946654421E10
controlled	FI659187	2cf51b5e-3c9d-5263-8ffb-abb072846dbc	PCAWG.8e2b9508-9102-4077-8036-89ba2ea7ca9f.STAR.v1.bam	DO33168	SP70820	Primary tumour	SA410263	AWS - Virginia,EGA - Hinxton,Collaboratory - Toronto,Azure - Toronto	PACA-AU	PCAWG			BAM	9.696090984E9
controlled	FI658789	7fe0cf32-96ab-5340-aa50-3e8df979f76f	PCAWG.36f86099-2b19-45ea-b0bd-6167a9580a92.STAR.v1.bam	DO32831	SP75480	Primary tumour - solid tissue	SA410350	Collaboratory - Toronto,AWS - Virginia,EGA - Hinxton,Azure - Toronto	PACA-AU	PCAWG			BAM	9.855590177E9
controlled	FI658841	d8571f9a-bb01-5d83-972a-34b9b9971c41	PCAWG.7b592422-d733-4722-a4b0-1ec2ac6dfbb6.STAR.v1.bam	DO34785	SP76851	Primary tumour	SA411721	Azure - Toronto,Collaboratory - Toronto,EGA - Hinxton,AWS - Virginia	PACA-AU	PCAWG			BAM	8.426021876E9
controlled	FI658867	1662b328-872e-5dd5-a9c1-a3a66acd7482	PCAWG.923191ac-b291-408b-91d2-9ff1b0b4ef35.STAR.v1.bam	DO49127	SP107914	Primary tumour	SA518615	EGA - Hinxton,AWS - Virginia,Collaboratory - Toronto,Azure - Toronto	PACA-AU	PCAWG			BAM	8.885998273E9
controlled	FI658783	878fdf78-10cb-5633-b366-caa18131bf3b	PCAWG.fc9c2b28-bc6a-458a-b0c8-7b49ae07f0e3.TopHat2.v1.bam	DO33984	SP75889	Primary tumour - solid tissue	SA410763	Collaboratory - Toronto,AWS - Virginia,EGA - Hinxton,Azure - Toronto	PACA-AU	PCAWG			BAM	5.766557553E9
controlled	FI658767	341af3d5-8083-53b2-8531-82e04c60e680	PCAWG.8b2957af-3d3d-4466-830b-b02b62c12df9.STAR.v1.bam	DO34680	SP110788	Primary tumour - solid tissue	SA528695	AWS - Virginia,Collaboratory - Toronto,EGA - Hinxton,Azure - Toronto	PACA-AU	PCAWG			BAM	9.93075512E9
controlled	FI659029	ab3f1aa3-fa28-57e5-a932-50fe68a6f05f	PCAWG.88cf22a8-185c-4a27-b4ba-29d900736cf8.TopHat2.v1.bam	DO34728	SP110825	Primary tumour	SA528709	Azure - Toronto,EGA - Hinxton,Collaboratory - Toronto,AWS - Virginia	PACA-AU	PCAWG			BAM	6.752538776E9
controlled	FI659093	1293ed82-9e27-5d00-8f1a-44e949dc439a	PCAWG.9f4ff4d0-8d04-415a-8ab6-b51d14ecac32.STAR.v1.bam	DO34801	SP76899	Primary tumour	SA411769	EGA - Hinxton,Collaboratory - Toronto,AWS - Virginia,Azure - Toronto	PACA-AU	PCAWG			BAM	5.887303874E9
controlled	FI659285	af4668c2-3dd9-54ab-a014-6fcd63e48800	PCAWG.8e0862eb-73e2-42c0-b809-9510a888b931.STAR.v1.bam	DO33480	SP71766	Primary tumour - solid tissue	SA411209	Azure - Toronto,AWS - Virginia,Collaboratory - Toronto,EGA - Hinxton	PACA-AU	PCAWG			BAM	4.321825896E9
controlled	FI659133	d25645be-e412-5419-909b-b5644c305d3e	PCAWG.1ab90bfe-c740-453e-b65b-ac75d65a1873.TopHat2.v1.bam	DO34961	SP77459	Primary tumour	SA412299	EGA - Hinxton,Collaboratory - Toronto,AWS - Virginia,Azure - Toronto	PACA-AU	PCAWG			BAM	7.701126327E9
controlled	FI659189	3f1da623-cf76-5d24-9d75-be17c4ca7bf0	PCAWG.a7c173d3-5c7e-42a8-8871-e597a55b451d.TopHat2.v1.bam	DO32976	SP77347	Primary tumour	SA412212	EGA - Hinxton,Collaboratory - Toronto,Azure - Toronto,AWS - Virginia	PACA-AU	PCAWG			BAM	4.577685539E9
controlled	FI659169	2a1cbc0b-9fff-580a-825d-6a6adb69098a	PCAWG.b47a82f7-c808-40bd-83b7-aa2149499566.TopHat2.v1.bam	DO33512	SP71854	Primary tumour - solid tissue	SA411305	AWS - Virginia,Collaboratory - Toronto,Azure - Toronto,EGA - Hinxton	PACA-AU	PCAWG			BAM	6.648579482E9
controlled	FI658935	dc72c5ba-aac8-532e-8c65-d25300c9a305	PCAWG.d3619be0-cd57-4dec-a4f7-749b62a17ad0.TopHat2.v1.bam	DO33264	SP71140	Primary tumour	SA410582	EGA - Hinxton,Azure - Toronto,AWS - Virginia,Collaboratory - Toronto	PACA-AU	PCAWG			BAM	1.037342313E10
controlled	FI658959	76ea5ef2-d7e7-5e5c-a082-fd877e9e8be2	PCAWG.f49af213-a5cb-473e-b9ab-5c79ab3ee772.STAR.v1.bam	DO33028	SP70270	Primary tumour	SA409622	EGA - Hinxton,Azure - Toronto,AWS - Virginia,Collaboratory - Toronto	PACA-AU	PCAWG			BAM	1.6872456512E10
controlled	FI658893	d16ca8e0-35fa-57c0-a028-3bd8d047eb3a	PCAWG.e26f2a93-6920-4522-9fb1-2b1596519c4d.STAR.v1.bam	DO49078	SP107780	Primary tumour	SA518716	EGA - Hinxton,Collaboratory - Toronto,Azure - Toronto,AWS - Virginia	PACA-AU	PCAWG			BAM	1.4869109944E10
controlled	FI658871	81f22f90-473f-5ac2-8a1f-338d2a1ca9ea	PCAWG.bf0ffef9-3b88-4caf-9905-bd09f42643b1.TopHat2.v1.bam	DO34905	SP77211	Primary tumour	SA412076	AWS - Virginia,Collaboratory - Toronto,EGA - Hinxton,Azure - Toronto	PACA-AU	PCAWG			BAM	7.142176012E9
controlled	FI658679	95f2d9d7-f74b-5562-a8e8-63aed712a9dd	PCAWG.41e034a5-f0f2-43c9-bdb7-fdb4d7c45f15.TopHat2.v1.bam	DO33408	SP71584	Primary tumour - solid tissue	SA411029	AWS - Virginia,EGA - Hinxton,Collaboratory - Toronto,Azure - Toronto	PACA-AU	PCAWG			BAM	3.979421878E9
controlled	FI658727	3beca408-381b-5318-9c65-e9efe4f734fc	PCAWG.81387526-4f3b-423d-8398-29519ca0aeb7.TopHat2.v1.bam	DO32900	SP69838	Primary tumour	SA408758	EGA - Hinxton,Azure - Toronto,Collaboratory - Toronto,AWS - Virginia	PACA-AU	PCAWG			BAM	1.0631807692E10
controlled	FI659323	b69acbc4-e4ff-5ae7-97f6-6494fbb747c2	PCAWG.7c7b1830-232a-410c-94cb-8e0703932f50.STAR.v1.bam	DO49181	SP108060	Primary tumour	SA518750	EGA - Hinxton,Azure - Toronto,Collaboratory - Toronto,AWS - Virginia	PACA-AU	PCAWG			BAM	1.3925400453E10
controlled	FI659225	2bbb6a4e-ae16-5f96-b51e-6a8251194c33	PCAWG.c67cc2cb-8261-4762-b33f-da593d7f1b1f.TopHat2.v1.bam	DO33600	SP72126	Primary tumour - solid tissue	SA411578	AWS - Virginia,EGA - Hinxton,Collaboratory - Toronto,Azure - Toronto	PACA-AU	PCAWG			BAM	5.357876474E9
controlled	FI659259	177bd28b-d54f-58ac-8a97-da8d0547068c	PCAWG.88cf22a8-185c-4a27-b4ba-29d900736cf8.STAR.v1.bam	DO34728	SP110825	Primary tumour	SA528709	EGA - Hinxton,Collaboratory - Toronto,Azure - Toronto,AWS - Virginia	PACA-AU	PCAWG			BAM	7.424315597E9
controlled	FI659297	63c8b362-336e-5f77-90d0-bd616f698d05	PCAWG.8a7eaf4a-4d90-4530-94d0-e6e36f978692.TopHat2.v1.bam	DO34608	SP76009	Primary tumour - solid tissue	SA410883	Azure - Toronto,AWS - Virginia,Collaboratory - Toronto,EGA - Hinxton	PACA-AU	PCAWG			BAM	4.875823179E9
controlled	FI659111	5389cdc9-719e-5218-9fae-57346aabbcb9	PCAWG.4dda7024-9eb2-4a82-b51a-879b87ec2a41.STAR.v1.bam	DO34736	SP76683	Primary tumour	SA411557	AWS - Virginia,Collaboratory - Toronto,EGA - Hinxton,Azure - Toronto	PACA-AU	PCAWG			BAM	8.063895156E9
controlled	FI658909	2303646f-2a28-5a63-a97b-8432f098c181	PCAWG.22878cb6-af53-48bb-88f6-ffb174c24fb4.TopHat2.v1.bam	DO34656	SP76369	Primary tumour	SA411241	EGA - Hinxton,Azure - Toronto,AWS - Virginia,Collaboratory - Toronto	PACA-AU	PCAWG			BAM	8.581470374E9
controlled	FI658907	7eadee14-4d7a-52d4-87b1-a67699197b4b	PCAWG.c67cc2cb-8261-4762-b33f-da593d7f1b1f.STAR.v1.bam	DO33600	SP72126	Primary tumour	SA411578	AWS - Virginia,EGA - Hinxton,Azure - Toronto,Collaboratory - Toronto	PACA-AU	PCAWG			BAM	5.953435501E9
controlled	FI658857	3fd0ea5c-8aba-53fc-93b7-a5080a26207c	PCAWG.3df831b1-0af9-4247-a384-59f2f81427f5.TopHat2.v1.bam	DO33032	SP70293	Primary tumour	SA409662	EGA - Hinxton,Collaboratory - Toronto,Azure - Toronto,AWS - Virginia	PACA-AU	PCAWG			BAM	6.751916807E9
controlled	FI658833	946ac28b-2e16-50ad-be12-6bb0506ec124	PCAWG.48698875-032e-41b4-a2ab-ffd6e6e9a8c6.TopHat2.v1.bam	DO32960	SP70050	Primary tumour - solid tissue	SA409186	Collaboratory - Toronto,AWS - Virginia,EGA - Hinxton,Azure - Toronto	PACA-AU	PCAWG			BAM	1.0524181011E10
controlled	FI658721	df36edd4-f508-5c5a-973c-666bdd2980b7	PCAWG.6ade3698-a1e1-4a4e-9307-6fe35e8d6cb9.STAR.v1.bam	DO34432	SP75250	Primary tumour	SA410118	EGA - Hinxton,AWS - Virginia,Collaboratory - Toronto,Azure - Toronto	PACA-AU	PCAWG			BAM	1.7668877441E10
controlled	FI658747	1c6e4c26-c5d1-5bb2-a49d-3782efaa1833	PCAWG.73d9aa32-1ef1-4334-8601-11cc18612571.STAR.v1.bam	DO34640	SP110823	Primary tumour - solid tissue	SA528761	Azure - Toronto,Collaboratory - Toronto,AWS - Virginia,EGA - Hinxton	PACA-AU	PCAWG			BAM	1.2095305791E10
controlled	FI658745	62ae1d87-90f4-5acf-bd4a-77b4cccc5b26	PCAWG.80b62e66-4a0c-492a-af5b-bef42ea24f76.TopHat2.v1.bam	DO32837	SP69589	Primary tumour	SA407986	EGA - Hinxton,Azure - Toronto,AWS - Virginia,Collaboratory - Toronto	PACA-AU	PCAWG			BAM	6.799871204E9
controlled	FI659039	78251825-e590-5a7a-a97d-6ad90be73952	PCAWG.3330b2bf-8cce-4656-9bbc-4c306c4846bf.STAR.v1.bam	DO32980	SP70114	Primary tumour - solid tissue	SA409310	AWS - Virginia,EGA - Hinxton,Azure - Toronto,Collaboratory - Toronto	PACA-AU	PCAWG			BAM	1.4829294679E10
controlled	FI659291	f9647c14-8699-5b73-a257-0b706a5407b1	PCAWG.64684385-98ad-4adc-8245-16012057823c.STAR.v1.bam	DO49080	SP107788	Primary tumour	SA518637	EGA - Hinxton,AWS - Virginia,Collaboratory - Toronto,Azure - Toronto	PACA-AU	PCAWG			BAM	1.5566251264E10
controlled	FI659101	8faaf1f2-4016-5be8-b3a2-466c71e88b64	PCAWG.4c2c9af2-9329-4814-a560-547bc11bc5c5.STAR.v1.bam	DO32878	SP69765	Primary tumour	SA408570	EGA - Hinxton,Collaboratory - Toronto,AWS - Virginia,Azure - Toronto	PACA-AU	PCAWG			BAM	8.059471032E9
controlled	FI659147	bbfa3035-3403-57e6-9932-d1eaac5ce723	PCAWG.1ab90bfe-c740-453e-b65b-ac75d65a1873.STAR.v1.bam	DO34961	SP77459	Primary tumour - solid tissue	SA412299	AWS - Virginia,Azure - Toronto,EGA - Hinxton,Collaboratory - Toronto	PACA-AU	PCAWG			BAM	8.379331964E9
controlled	FI659171	872239bf-e241-52ea-8742-8e06854b73f5	PCAWG.45848e19-38fc-4ae6-91a3-87a2bf926d0f.STAR.v1.bam	DO49087	SP107807	Primary tumour - solid tissue	SA518614	AWS - Virginia,EGA - Hinxton,Collaboratory - Toronto,Azure - Toronto	PACA-AU	PCAWG			BAM	1.23908249E10
controlled	FI658911	1161de41-e2c1-5888-ac88-b38c05bfffaa	PCAWG.fc9c2b28-bc6a-458a-b0c8-7b49ae07f0e3.STAR.v1.bam	DO33984	SP75889	Primary tumour - solid tissue	SA410763	AWS - Virginia,EGA - Hinxton,Collaboratory - Toronto,Azure - Toronto	PACA-AU	PCAWG			BAM	6.060774353E9
controlled	FI658901	524d38d8-c3f9-56b1-840d-ecafb7b2d945	PCAWG.8c3a9d38-5bc2-4fb0-8223-6fdf45c92dad.STAR.v1.bam	DO33400	SP71560	Primary tumour - solid tissue	SA411001	Azure - Toronto,Collaboratory - Toronto,AWS - Virginia,EGA - Hinxton	PACA-AU	PCAWG			BAM	6.030603092E9
controlled	FI658977	67deedde-4d97-5dd9-8dc0-e28b1c55926b	PCAWG.4d62b58d-6a51-499f-8de2-26234a938c4f.STAR.v1.bam	DO33208	SP70964	Primary tumour	SA410410	EGA - Hinxton,Azure - Toronto,Collaboratory - Toronto,AWS - Virginia	PACA-AU	PCAWG			BAM	1.6549595995E10
controlled	FI658827	1d04ff0d-b45e-5506-b897-2e20ac85ba58	PCAWG.c30ea71b-0dc9-4684-a2cf-36e720e343c8.TopHat2.v1.bam	DO49113	SP107875	Primary tumour - solid tissue	SA518665	Azure - Toronto,AWS - Virginia,EGA - Hinxton,Collaboratory - Toronto	PACA-AU	PCAWG			BAM	5.785724747E9
controlled	FI659327	05a6c15a-148c-5d20-a13d-f0d2702b15e4	PCAWG.b112f618-c81a-4639-b24a-6521ee527d31.TopHat2.v1.bam	DO34600	SP75985	Primary tumour - solid tissue	SA410859	AWS - Virginia,EGA - Hinxton,Azure - Toronto,Collaboratory - Toronto	PACA-AU	PCAWG			BAM	3.841386551E9
controlled	FI659295	6525ec17-9171-535f-b49e-2b4b3531c913	PCAWG.923191ac-b291-408b-91d2-9ff1b0b4ef35.TopHat2.v1.bam	DO49127	SP107914	Primary tumour - solid tissue	SA518615	Azure - Toronto,Collaboratory - Toronto,AWS - Virginia,EGA - Hinxton	PACA-AU	PCAWG			BAM	8.384698422E9
controlled	FI658951	a704d168-3e99-565e-9b90-bbf788b31fb9	PCAWG.e128b420-7dbf-433a-be26-11a729f0ceb8.STAR.v1.bam	DO33184	SP70868	Primary tumour - solid tissue	SA410310	Azure - Toronto,EGA - Hinxton,AWS - Virginia,Collaboratory - Toronto	PACA-AU	PCAWG			BAM	5.46053477E9
controlled	FI658819	55a31b31-caf8-5ab3-8689-fc7335783c5b	PCAWG.3df831b1-0af9-4247-a384-59f2f81427f5.STAR.v1.bam	DO33032	SP70293	Primary tumour - solid tissue	SA409662	AWS - Virginia,EGA - Hinxton,Azure - Toronto,Collaboratory - Toronto	PACA-AU	PCAWG			BAM	7.308625924E9
controlled	FI658821	e066b0d0-c27e-5dd5-a7ae-7b2e82c12a03	PCAWG.b112f618-c81a-4639-b24a-6521ee527d31.STAR.v1.bam	DO34600	SP75985	Primary tumour - solid tissue	SA410859	Azure - Toronto,EGA - Hinxton,Collaboratory - Toronto,AWS - Virginia	PACA-AU	PCAWG			BAM	4.0665458E9
controlled	FI658695	4583fce8-c53e-5e55-a0b6-df27d7a5cc67	PCAWG.45848e19-38fc-4ae6-91a3-87a2bf926d0f.TopHat2.v1.bam	DO49087	SP107807	Primary tumour	SA518614	EGA - Hinxton,Azure - Toronto,Collaboratory - Toronto,AWS - Virginia	PACA-AU	PCAWG			BAM	1.0515348165E10
controlled	FI658681	e3e826d2-7a32-51b3-a7af-17ba475d32e6	PCAWG.b9143a08-bfb1-4d5a-a8f0-7dc56269b285.TopHat2.v1.bam	DO33152	SP70788	Primary tumour	SA410234	EGA - Hinxton,Azure - Toronto,Collaboratory - Toronto,AWS - Virginia	PACA-AU	PCAWG			BAM	1.019750387E10
controlled	FI658743	2f93cb02-7ad1-5e0e-9fc4-04eaf2396feb	PCAWG.3773ecee-bac7-40dd-81d8-1c5c384ee511.TopHat2.v1.bam	DO34793	SP76875	Primary tumour - solid tissue	SA411745	Azure - Toronto,Collaboratory - Toronto,AWS - Virginia,EGA - Hinxton	PACA-AU	PCAWG			BAM	6.567954943E9
controlled	FI659337	02390d41-3d49-5686-b702-28b5f9d3d31b	PCAWG.22878cb6-af53-48bb-88f6-ffb174c24fb4.STAR.v1.bam	DO34656	SP76369	Primary tumour - solid tissue	SA411241	Azure - Toronto,AWS - Virginia,Collaboratory - Toronto,EGA - Hinxton	PACA-AU	PCAWG			BAM	8.918952932E9
controlled	FI659219	e342a586-510a-5f93-a726-640e1d22ad0d	PCAWG.5479c751-d6ca-4edf-9ffd-74c70de06450.STAR.v1.bam	DO49138	SP107957	Primary tumour	SA518704	EGA - Hinxton,AWS - Virginia,Azure - Toronto,Collaboratory - Toronto	PACA-AU	PCAWG			BAM	1.354590609E10
controlled	FI659153	d42e60e7-e4f6-5466-aeab-1668c115f4fb	PCAWG.8b2957af-3d3d-4466-830b-b02b62c12df9.TopHat2.v1.bam	DO34680	SP110788	Primary tumour - solid tissue	SA528695	AWS - Virginia,Collaboratory - Toronto,EGA - Hinxton,Azure - Toronto	PACA-AU	PCAWG			BAM	8.127558423E9
controlled	FI659149	8db493de-d67e-53d7-b9b3-5afcfcacd8b3	PCAWG.ba1ea74e-b821-46d1-be0f-3e64517c204e.STAR.v1.bam	DO32972	SP70086	Primary tumour - solid tissue	SA409258	Azure - Toronto,EGA - Hinxton,AWS - Virginia,Collaboratory - Toronto	PACA-AU	PCAWG			BAM	1.2022723383E10
controlled	FI659195	9376df22-efb9-5c35-8c7d-e216846d8a04	PCAWG.0dbe285c-b2db-40e7-95c0-7028aa8c99a0.TopHat2.v1.bam	DO33008	SP70206	Primary tumour	SA409498	AWS - Virginia,EGA - Hinxton,Collaboratory - Toronto,Azure - Toronto	PACA-AU	PCAWG			BAM	1.5480792565E10
controlled	FI658925	8edbe22e-580b-5c75-89ca-5294cf20f7dd	PCAWG.b9143a08-bfb1-4d5a-a8f0-7dc56269b285.STAR.v1.bam	DO33152	SP70788	Primary tumour	SA410234	EGA - Hinxton,AWS - Virginia,Collaboratory - Toronto,Azure - Toronto	PACA-AU	PCAWG			BAM	1.1144208892E10
controlled	FI658995	c522c512-b421-51a5-8c76-cc0e1c97af84	PCAWG.a7c173d3-5c7e-42a8-8871-e597a55b451d.STAR.v1.bam	DO32976	SP77347	Primary tumour	SA412212	EGA - Hinxton,AWS - Virginia,Collaboratory - Toronto,Azure - Toronto	PACA-AU	PCAWG			BAM	4.884867603E9
controlled	FI658791	0210c9d2-8f5b-5f9d-b0a2-0396c3f79ba5	PCAWG.bc4ff54b-03eb-43eb-bdb6-93cabd30e3cf.STAR.v1.bam	DO49135	SP107947	Primary tumour	SA518695	EGA - Hinxton,Collaboratory - Toronto,Azure - Toronto,AWS - Virginia	PACA-AU	PCAWG			BAM	2.972646889E10
controlled	FI658793	2d9b6199-8fa8-5535-a179-559475657100	PCAWG.4e2059a8-34e8-4642-b009-9cdf966d4873.TopHat2.v1.bam	DO33376	SP75873	Primary tumour	SA410750	AWS - Virginia,EGA - Hinxton,Collaboratory - Toronto,Azure - Toronto	PACA-AU	PCAWG			BAM	9.921694273E9
controlled	FI658811	c4197814-9ccb-55e7-9e8b-16726a8b2de7	PCAWG.3773ecee-bac7-40dd-81d8-1c5c384ee511.STAR.v1.bam	DO34793	SP76875	Primary tumour	SA411745	Azure - Toronto,EGA - Hinxton,AWS - Virginia,Collaboratory - Toronto	PACA-AU	PCAWG			BAM	7.234561479E9
controlled	FI658697	94abac56-1b57-59f5-a671-fb0fd960fe6c	PCAWG.9e9b2a57-97a0-4b5e-af48-3994868ec02e.STAR.v1.bam	DO32893	SP69815	Primary tumour - solid tissue	SA408706	Azure - Toronto,Collaboratory - Toronto,EGA - Hinxton,AWS - Virginia	PACA-AU	PCAWG			BAM	8.161637389E9
controlled	FI658705	a1d602de-1b30-5fb0-ae14-d24e833ecf34	PCAWG.b4eb3102-d015-4112-a3f6-f5f754c7ee73.STAR.v1.bam	DO33200	SP70940	Primary tumour - solid tissue	SA410383	Collaboratory - Toronto,AWS - Virginia,Azure - Toronto,EGA - Hinxton	PACA-AU	PCAWG			BAM	1.4593657453E10
